[
    {
        "id": "abcd123",
        "active": true,
        "name": "John",
        "dateOfBirth": "08/03/1995"
    },
    {
        "id": "abcd124",
        "active": false,
        "name": "Michell",
        "dateOfBirth": "08/03/1995"
    },
    {
        "id": "abcd125",
        "active": true,
        "name": "James",
        "dateOfBirth": "08/03/1995"
    },
    {
        "id": "abcd126",
        "active": true,
        "name": "Raj",
        "dateOfBirth": "08/03/1995"
    },
    {
        "id": "abcd127",
        "active": true,
        "name": "Robert",
        "dateOfBirth": "08/03/1995"
    },
    {
        "id": "abcd128",
        "active": true,
        "name": "Albert",
        "dateOfBirth": "08/03/1995"
    }
]